
{
  "schemaVersion": 1,
  "id": "triggerbot",
  "version": "${version}",
  "name": "TriggerBot",
  "description": "This is an example description! Tell everyone what your mod is about!",
  "authors": [
    "Me!"
  ],
  "contact": {
    "homepage": "https://fabricmc.net/",
    "sources": "https://github.com/FabricMC/fabric-example-mod"
  },
  "license": "CC0-1.0",
  "icon": "assets/triggerbot/icon.png",
  "environment": "*",
  "entrypoints": {
    "client": [
      "com.example.triggerbot.TriggerBotClient"
    ]
  },
  "mixins": [
    "triggerbot.mixins.json",
    {
      "config": "triggerbot.client.mixins.json",
      "environment": "client"
    }
  ],
  "depends": {
    "fabricloader": ">=0.16.14",
    "minecraft": "~1.19.4",
    "java": ">=17",
    "fabric-api": "*"
  },
  "suggests": {
    "another-mod": "*"
  }
}
