{
  "schemaVersion": 1,
  "id": "triggerbot",
  "version": "1.0.0",
  "name": "TriggerBot",
  "description": "A stealth-based PvP triggerbot for Fabric 1.19.4.",
  "authors": ["Zandik"],
  "contact": {
    "homepage": "https://fabricmc.net/",
    "sources": "https://github.com/example/triggerbot"
  },
  "license": "CC0-1.0",
  "icon": "assets/triggerbot/icon.png",
  "environment": "*",
  "entrypoints": {
    "client": [
      "com.example.triggerbot.TriggerBotClient"
    ]
  },
  "mixins": [
    "triggerbot.mixins.json"
  ],
  "depends": {
    "fabricloader": ">=0.14.21",
    "minecraft": "~1.19.4",
    "java": ">=17",
    "fabric-api": "*"
  },
  "custom": {
    "modmenu:api": {
      "badges": [],
      "links": {
        "source": "https://github.com/example/triggerbot"
      }
    }
  },
  "suggests": {
    "another-mod": "*"
  }
}