{
	"schemaVersion": 1,
	"id": "triggerbot",
	"version": "1.0.0",
	"name": "Trigger Bot",
	"description": "This is an example description! Tell everyone what your mod is about!",
	"authors": [
		"Me!"
	],
	"contact": {
		"homepage": "https://fabricmc.net/",
		"sources": "https://github.com/FabricMC/fabric-example-mod"
	},
	"license": "CC0-1.0",
	"icon": "assets/triggerbot/icon.png",
	"environment": "client",
	"entrypoints": {
		"main": [
			"com.example.triggerbot.Triggerbot"
		],
		"client": [
			"com.example.triggerbot.TriggerBotMod"
		]
	},
	"mixins": [
		"triggerbot.mixins.json",
		{
			"config": "triggerbot.client.mixins.json",
			"environment": "client"
		}
	],
	"depends": {
		"fabricloader": ">=0.15.0",
		"minecraft": "~1.21",
		"java": ">=21",
		"fabric-api": "*"
	},
	"suggests": {
		"another-mod": "*"
	}
}