{
	"schemaVersion": 1,
	"id": "happyclient",
	"version": "${version}",
	"name": "Happy",
	"description": "This is an example description! Tell everyone what your mod is about!",
	"authors": [
		"Me!"
	],
	"contact": {
		"homepage": "https://fabricmc.net/",
		"sources": "https://github.com/FabricMC/fabric-example-mod"
	},
	"license": "CC0-1.0",
	"icon": "assets/happyclient/icon.png",
	"environment": "*",
	"entrypoints": {
		"main": [
			"com.example.happyclient.Happy"
		],
		"client": [
			"com.example.happyclient.HappyClient"
		]
	},
	"mixins": [
		"happyclient.mixins.json",
		{
			"config": "happyclient.client.mixins.json",
			"environment": "client"
		}
	],
	"depends": {
		"fabricloader": ">=0.16.14",
		"minecraft": "~1.20.1",
		"java": ">=17",
		"fabric-api": "*"
	},
	"suggests": {
		"another-mod": "*"
	}
}