{
  "schemaVersion": 1,
  "id": "happyclient",
  "version": "${version}",
  "name": "Happy",
  "description": "This is an example description! Tell everyone what your mod is about!",
  "authors": ["Me!"],
  "contact": {
    "homepage": "https://fabricmc.net/",
    "sources": "https://github.com/FabricMC/fabric-example-mod"
  },
  "license": "CC0-1.0",
  "icon": "assets/happyclient/icon.png",
  "environment": "*",
  "entrypoints": {
    "main": ["com.example.happyclient.Happy"],
    "client": ["com.example.happyclient.HappyClient"]
  },
  "mixins": [
    "happyclient.mixins.json",
    {
      "config": "happyclient.client.mixins.json",
      "environment": "client"
    }
  ],
  "depends": {
    "fabricloader": ">=0.7.4",
    "minecraft": ">=1.14.4 <=1.21.5",
    "java": ">=17",
    "fabric-api": "*"
  },
  "suggests": {
    "another-mod": "*"
  }
}